{
  "lang":"en",
  "name":"pipeline",
  "version":"0.0.0",
  "spacy_version":">=3.6.0,<3.7.0",
  "description":"",
  "author":"",
  "email":"",
  "url":"",
  "license":"",
  "spacy_git_version":"6fc153a26",
  "vectors":{
    "width":0,
    "vectors":0,
    "keys":0,
    "name":null,
    "mode":"default"
  },
  "labels":{
    "tok2vec":[

    ],
    "ner":[
      "AGGREGATION",
      "CHEMICALS",
      "COMPOUND",
      "MISCINCH",
      "PERCENT",
      "PRESSURE",
      "PROCEDURE",
      "QUANTITY",
      "SOLVENT",
      "TEMPERATURE",
      "TIME",
      "YIELD"
    ]
  },
  "pipeline":[
    "tok2vec",
    "ner"
  ],
  "components":[
    "tok2vec",
    "ner"
  ],
  "disabled":[

  ],
  "performance":{
    "ents_f":0.9472966264,
    "ents_p":0.9473252521,
    "ents_r":0.9472680025,
    "ents_per_type":{
      "YIELD":{
        "p":0.9580139373,
        "r":0.9900081015,
        "f":0.9737482846
      },
      "CHEMICALS":{
        "p":0.9614325069,
        "r":0.5619967794,
        "f":0.7093495935
      },
      "COMPOUND":{
        "p":0.8825335147,
        "r":0.9277019851,
        "f":0.9045542346
      },
      "MISCINCH":{
        "p":0.9834858291,
        "r":0.9932386748,
        "f":0.9883381924
      },
      "SOLVENT":{
        "p":0.9891931496,
        "r":0.995483871,
        "f":0.9923285406
      },
      "QUANTITY":{
        "p":0.9778320735,
        "r":0.9790530554,
        "f":0.9784421835
      },
      "TEMPERATURE":{
        "p":0.8916218294,
        "r":0.9024896266,
        "f":0.8970228122
      },
      "TIME":{
        "p":0.9515281757,
        "r":0.9380885122,
        "f":0.94476055
      },
      "PERCENT":{
        "p":0.9558546433,
        "r":0.9020703671,
        "f":0.9281840162
      },
      "PRESSURE":{
        "p":0.9464579901,
        "r":0.8302023121,
        "f":0.8845265589
      },
      "AGGREGATION":{
        "p":0.9454874463,
        "r":0.9270348193,
        "f":0.9361702128
      },
      "PROCEDURE":{
        "p":0.8920383493,
        "r":0.6645962733,
        "f":0.7617013704
      }
    },
    "tok2vec_loss":82535.6747065858,
    "ner_loss":1076.8576126144
  }
}